Frame;Bone;X;Y;Z;RotX;RotY;RotZ
6065;両目;0.000000;0.000000;0.000000;-0.012653;0.000000;0.000000
0;両目;0.000000;0.000000;0.000000;-0.047978;0.000000;0.000000
1;両目;0.000000;0.000000;0.000000;-0.047978;0.000000;0.000000
137;両目;0.000000;0.000000;0.000000;-0.047978;0.000000;0.000000
145;両目;0.000000;0.000000;0.000000;-0.017365;0.000000;0.000000
160;両目;0.000000;0.000000;0.000000;-0.016187;0.000000;0.000000
180;両目;0.000000;0.000000;0.000000;-0.016580;0.000000;0.000000
200;両目;0.000000;0.000000;0.000000;-0.016580;0.000000;0.000000
225;両目;0.000000;0.000000;0.000000;-0.026177;0.000000;0.000000
230;両目;0.000000;0.000000;0.000000;-0.047978;0.000000;0.000000
235;両目;0.000000;0.000000;0.000000;-0.020506;0.000000;0.000000
250;両目;0.000000;0.000000;0.000000;-0.018144;0.026173;0.000475
255;両目;0.000000;0.000000;0.000000;-0.047962;0.026147;0.001256
275;両目;0.000000;0.000000;0.000000;-0.047962;0.026147;0.001256
280;両目;0.000000;0.000000;0.000000;-0.034997;-0.043593;-0.001528
290;両目;0.000000;0.000000;0.000000;-0.018508;-0.061038;-0.001132
302;両目;0.000000;0.000000;0.000000;-0.016564;-0.043613;-0.000723
316;両目;0.000000;0.000000;0.000000;-0.017758;0.000000;0.000000
320;両目;0.000000;0.000000;0.000000;-0.047962;0.026147;0.001256
325;両目;0.000000;0.000000;0.000000;-0.016580;0.000000;0.000000
338;両目;0.000000;0.000000;0.000000;-0.012653;0.000000;0.000000
347;両目;0.000000;0.000000;0.000000;-0.020899;0.000000;0.000000
362;両目;0.000000;0.000000;0.000000;-0.016182;-0.026174;-0.000424
366;両目;0.000000;0.000000;0.000000;-0.047889;0.060978;0.002929
371;両目;0.000000;0.000000;0.000000;-0.024387;0.061030;0.001492
390;両目;0.000000;0.000000;0.000000;-0.022035;0.061034;0.001348
401;両目;0.000000;0.000000;0.000000;-0.043578;0.043578;0.001903
412;両目;0.000000;0.000000;0.000000;-0.043578;0.043578;0.001903
416;両目;0.000000;0.000000;0.000000;-0.047932;0.043569;0.002093
420;両目;0.000000;0.000000;0.000000;-0.020487;-0.043610;-0.000894
424;両目;0.000000;0.000000;0.000000;0.043538;-0.060990;0.002663
453;両目;0.000000;0.000000;0.000000;0.026128;-0.061028;0.001598
468;両目;0.000000;0.000000;0.000000;0.000000;-0.043619;0.000000
472;両目;0.000000;0.000000;0.000000;-0.047978;0.000000;0.000000
479;両目;0.000000;0.000000;0.000000;-0.016539;0.069747;0.001157
505;両目;0.000000;0.000000;0.000000;-0.018525;0.043612;0.000809
517;両目;0.000000;0.000000;0.000000;-0.020487;0.043610;0.000894
530;両目;0.000000;0.000000;0.000000;-0.015765;0.061041;0.000964
536;両目;0.000000;0.000000;0.000000;-0.047889;0.060978;0.002929
541;両目;0.000000;0.000000;0.000000;-0.047889;0.060978;0.002929
545;両目;0.000000;0.000000;0.000000;-0.016549;0.061040;0.001012
563;両目;0.000000;0.000000;0.000000;-0.020499;0.026171;0.000537
568;両目;0.000000;0.000000;0.000000;-0.047932;0.043569;0.002093
573;両目;0.000000;0.000000;0.000000;-0.016549;0.061040;0.001012
592;両目;0.000000;0.000000;0.000000;-0.020487;0.043610;0.000894
598;両目;0.000000;0.000000;0.000000;-0.020107;-0.026172;-0.000527
603;両目;0.000000;0.000000;0.000000;-0.047932;-0.043569;-0.002093
607;両目;0.000000;0.000000;0.000000;-0.014617;0.000000;0.000000
617;両目;0.000000;0.000000;0.000000;-0.022469;0.000000;0.000000
625;両目;0.000000;0.000000;0.000000;-0.047978;0.000000;0.000000
640;両目;0.000000;0.000000;0.000000;0.017452;0.000000;0.000000
646;両目;0.000000;0.000000;0.000000;-0.047932;0.043569;0.002093
669;両目;0.000000;0.000000;0.000000;-0.047978;0.000000;0.000000
672;両目;0.000000;0.000000;0.000000;0.000000;0.000000;0.000000
676;両目;0.000000;0.000000;0.000000;-0.007854;0.000000;0.000000
690;両目;0.000000;0.000000;0.000000;-0.016574;-0.026173;-0.000434
694;両目;0.000000;0.000000;0.000000;-0.047932;-0.043569;-0.002093
699;両目;0.000000;0.000000;0.000000;-0.016574;-0.026173;-0.000434
707;両目;0.000000;0.000000;0.000000;-0.016574;-0.026173;-0.000434
713;両目;0.000000;0.000000;0.000000;0.000000;-0.026177;0.000000
718;両目;0.000000;0.000000;0.000000;-0.047932;0.043569;0.002093
722;両目;0.000000;0.000000;0.000000;-0.020860;0.061035;0.001276
741;両目;0.000000;0.000000;0.000000;-0.024816;0.026169;0.000650
760;両目;0.000000;0.000000;0.000000;-0.026395;0.000000;0.000000
765;両目;0.000000;0.000000;0.000000;-0.047978;0.000000;0.000000
769;両目;0.000000;0.000000;0.000000;-0.047978;0.000000;0.000000
774;両目;0.000000;0.000000;0.000000;-0.047978;0.000000;0.000000
790;両目;0.000000;0.000000;0.000000;-0.013034;-0.043616;-0.000569
794;両目;0.000000;0.000000;0.000000;-0.047932;-0.043569;-0.002093
798;両目;0.000000;0.000000;0.000000;-0.026370;-0.043604;-0.001151
805;両目;0.000000;0.000000;0.000000;-0.016564;-0.043613;-0.000723
810;両目;0.000000;0.000000;0.000000;-0.047932;-0.043569;-0.002093
817;両目;0.000000;0.000000;0.000000;-0.047932;0.043569;0.002093
822;両目;0.000000;0.000000;0.000000;-0.019281;0.069743;0.001348
842;両目;0.000000;0.000000;0.000000;-0.016549;0.061040;0.001012
846;両目;0.000000;0.000000;0.000000;-0.047978;0.000000;0.000000
850;両目;0.000000;0.000000;0.000000;-0.017755;-0.017450;-0.000310
864;両目;0.000000;0.000000;0.000000;-0.012653;0.000000;0.000000
884;両目;0.000000;0.000000;0.000000;-0.012653;0.000000;0.000000
888;両目;0.000000;0.000000;0.000000;-0.047889;-0.060978;-0.002929
892;両目;0.000000;0.000000;0.000000;-0.020468;-0.061036;-0.001252
905;両目;0.000000;0.000000;0.000000;-0.024409;-0.043606;-0.001066
910;両目;0.000000;0.000000;0.000000;-0.047962;-0.026147;-0.001256
915;両目;0.000000;0.000000;0.000000;-0.023639;-0.026170;-0.000619
919;両目;0.000000;0.000000;0.000000;-0.020107;-0.026172;-0.000527
928;両目;0.000000;0.000000;0.000000;-0.022462;-0.026170;-0.000588
935;両目;0.000000;0.000000;0.000000;-0.016574;-0.026173;-0.000434
945;両目;0.000000;0.000000;0.000000;-0.024017;0.043607;0.001049
950;両目;0.000000;0.000000;0.000000;-0.047978;0.000000;0.000000
955;両目;0.000000;0.000000;0.000000;-0.027180;0.000000;0.000000
962;両目;0.000000;0.000000;0.000000;-0.020506;0.000000;0.000000
973;両目;0.000000;0.000000;0.000000;-0.030713;0.000000;0.000000
978;両目;0.000000;0.000000;0.000000;-0.047932;-0.043569;-0.002093
986;両目;0.000000;0.000000;0.000000;-0.029918;-0.026165;-0.000783
990;両目;0.000000;0.000000;0.000000;-0.023647;0.000000;0.000000
1000;両目;0.000000;0.000000;0.000000;-0.018936;0.000000;0.000000
1006;両目;0.000000;0.000000;0.000000;-0.047978;0.000000;0.000000
1010;両目;0.000000;0.000000;0.000000;-0.041309;0.000000;0.000000
1015;両目;0.000000;0.000000;0.000000;-0.016580;0.000000;0.000000
1036;両目;0.000000;0.000000;0.000000;-0.010294;0.026176;0.000270
1040;両目;0.000000;0.000000;0.000000;-0.047932;-0.043569;-0.002093
1045;両目;0.000000;0.000000;0.000000;-0.012649;-0.026175;-0.000331
1060;両目;0.000000;0.000000;0.000000;-0.016967;-0.026173;-0.000444
1064;両目;0.000000;0.000000;0.000000;-0.047962;-0.026147;-0.001256
1079;両目;0.000000;0.000000;0.000000;-0.047889;0.060978;0.002929
1085;両目;0.000000;0.000000;0.000000;-0.024428;-0.017447;-0.000426
1089;両目;0.000000;0.000000;0.000000;-0.012651;-0.017451;-0.000221
1105;両目;0.000000;0.000000;0.000000;-0.016580;0.000000;0.000000
1125;両目;0.000000;0.000000;0.000000;-0.013831;0.000000;0.000000
1130;両目;0.000000;0.000000;0.000000;-0.047978;0.000000;0.000000
1135;両目;0.000000;0.000000;0.000000;-0.028358;0.000000;0.000000
1142;両目;0.000000;0.000000;0.000000;-0.008705;0.069754;0.000609
1151;両目;0.000000;0.000000;0.000000;-0.008705;0.069754;0.000609
1171;両目;0.000000;0.000000;0.000000;-0.020468;0.061036;0.001252
1175;両目;0.000000;0.000000;0.000000;-0.047932;0.043569;0.002093
1180;両目;0.000000;0.000000;0.000000;-0.047932;0.043569;0.002093
1185;両目;0.000000;0.000000;0.000000;-0.018133;0.043612;0.000792
1198;両目;0.000000;0.000000;0.000000;-0.016941;0.061040;0.001036
1204;両目;0.000000;0.000000;0.000000;-0.047889;0.060978;0.002929
1210;両目;0.000000;0.000000;0.000000;-0.016564;0.043613;0.000723
1221;両目;0.000000;0.000000;0.000000;-0.018543;0.000000;0.000000
1230;両目;0.000000;0.000000;0.000000;-0.018543;0.000000;0.000000
1240;両目;0.000000;0.000000;0.000000;-0.014617;0.000000;0.000000
1253;両目;0.000000;0.000000;0.000000;-0.013831;0.000000;0.000000
1270;両目;0.000000;0.000000;0.000000;-0.021291;0.000000;0.000000
1279;両目;0.000000;0.000000;0.000000;-0.018543;0.000000;0.000000
1285;両目;0.000000;0.000000;0.000000;-0.024040;0.000000;0.000000
1293;両目;0.000000;0.000000;0.000000;-0.047978;0.000000;0.000000
1306;両目;0.000000;0.000000;0.000000;-0.047978;0.000000;0.000000
1312;両目;0.000000;0.000000;0.000000;-0.028358;0.000000;0.000000
1318;両目;0.000000;0.000000;0.000000;-0.028358;0.000000;0.000000
1325;両目;0.000000;0.000000;0.000000;-0.047978;0.000000;0.000000
1331;両目;0.000000;0.000000;0.000000;-0.036208;0.000000;0.000000
1335;両目;0.000000;0.000000;0.000000;-0.036208;0.000000;0.000000
1340;両目;0.000000;0.000000;0.000000;-0.036208;0.000000;0.000000
1350;両目;0.000000;0.000000;0.000000;-0.028358;0.000000;0.000000
1363;両目;0.000000;0.000000;0.000000;-0.047978;0.000000;0.000000
1370;両目;0.000000;0.000000;0.000000;-0.047978;0.000000;0.000000
1375;両目;0.000000;0.000000;0.000000;-0.036208;0.000000;0.000000
1380;両目;0.000000;0.000000;0.000000;-0.036208;0.000000;0.000000
1394;両目;0.000000;0.000000;0.000000;-0.047978;0.000000;0.000000
1401;両目;0.000000;0.000000;0.000000;-0.043619;0.000000;0.000000
1410;両目;0.000000;0.000000;0.000000;-0.043619;0.000000;0.000000
1415;両目;0.000000;0.000000;0.000000;-0.047978;0.000000;0.000000
1429;両目;0.000000;0.000000;0.000000;-0.047971;-0.017432;-0.000837
1433;両目;0.000000;0.000000;0.000000;-0.020111;-0.017449;-0.000351
1451;両目;0.000000;0.000000;0.000000;-0.012653;0.000000;0.000000
1460;両目;0.000000;0.000000;0.000000;-0.013046;0.000000;0.000000
1465;両目;0.000000;0.000000;0.000000;-0.047978;0.000000;0.000000
1470;両目;0.000000;0.000000;0.000000;-0.026788;0.000000;0.000000
1475;両目;0.000000;0.000000;0.000000;0.000000;0.000000;0.000000
1485;両目;0.000000;0.000000;0.000000;0.000000;0.000000;0.000000
1493;両目;0.000000;0.000000;0.000000;-0.047978;0.000000;0.000000
1501;両目;0.000000;0.000000;0.000000;-0.047978;0.000000;0.000000
1511;両目;0.000000;0.000000;0.000000;-0.024432;0.000000;0.000000
1517;両目;0.000000;0.000000;0.000000;-0.024432;0.000000;0.000000
1522;両目;0.000000;0.000000;0.000000;-0.047978;0.000000;0.000000
1532;両目;0.000000;0.000000;0.000000;-0.016941;-0.061040;-0.001036
1547;両目;0.000000;0.000000;0.000000;-0.020456;-0.069742;-0.001430
1557;両目;0.000000;0.000000;0.000000;0.000000;-0.043619;0.000000
1561;両目;0.000000;0.000000;0.000000;0.000000;-0.069756;0.000000
1566;両目;0.000000;0.000000;0.000000;-0.016539;-0.069747;-0.001157
1575;両目;0.000000;0.000000;0.000000;-0.012622;-0.069751;-0.000883
1580;両目;0.000000;0.000000;0.000000;-0.047932;0.043569;0.002093
1589;両目;0.000000;0.000000;0.000000;-0.047932;0.043569;0.002093
1594;両目;0.000000;0.000000;0.000000;-0.016580;0.000000;0.000000
1604;両目;0.000000;0.000000;0.000000;-0.012630;-0.061044;-0.000772
1609;両目;0.000000;0.000000;0.000000;-0.047978;0.000000;0.000000
1619;両目;0.000000;0.000000;0.000000;-0.047932;0.043569;0.002093
1625;両目;0.000000;0.000000;0.000000;0.000000;0.000000;0.000000
1645;両目;0.000000;0.000000;0.000000;0.026177;0.000000;0.000000
1649;両目;0.000000;0.000000;0.000000;-0.047889;-0.060978;-0.002929
1654;両目;0.000000;0.000000;0.000000;-0.047978;0.000000;0.000000
1661;両目;0.000000;0.000000;0.000000;-0.016539;-0.069747;-0.001157
1673;両目;0.000000;0.000000;0.000000;-0.021663;-0.043609;-0.000946
1681;両目;0.000000;0.000000;0.000000;-0.024764;0.069735;0.001732
1688;両目;0.000000;0.000000;0.000000;-0.018106;0.069745;0.001266
1696;両目;0.000000;0.000000;0.000000;-0.012622;0.069751;0.000883
1700;両目;0.000000;0.000000;0.000000;-0.025562;0.061029;0.001563
1703;両目;0.000000;0.000000;0.000000;-0.047978;0.000000;0.000000
1707;両目;0.000000;0.000000;0.000000;-0.021663;-0.043609;-0.000946
1715;両目;0.000000;0.000000;0.000000;-0.016172;-0.043614;-0.000706
1721;両目;0.000000;0.000000;0.000000;-0.047978;0.000000;0.000000
1735;両目;0.000000;0.000000;0.000000;-0.047962;0.026147;0.001256
1740;両目;0.000000;0.000000;0.000000;-0.012653;0.000000;0.000000
1750;両目;0.000000;0.000000;0.000000;-0.020506;0.000000;0.000000
1755;両目;0.000000;0.000000;0.000000;-0.047978;0.000000;0.000000
1761;両目;0.000000;0.000000;0.000000;-0.018543;0.000000;0.000000
1769;両目;0.000000;0.000000;0.000000;-0.012641;0.043616;0.000552
1776;両目;0.000000;0.000000;0.000000;-0.022462;-0.026170;-0.000588
1780;両目;0.000000;0.000000;0.000000;-0.047978;0.000000;0.000000
1788;両目;0.000000;0.000000;0.000000;-0.011079;0.026175;0.000290
1797;両目;0.000000;0.000000;0.000000;-0.019310;0.043611;0.000843
1807;両目;0.000000;0.000000;0.000000;-0.012653;0.000000;0.000000
1820;両目;0.000000;0.000000;0.000000;-0.012653;0.000000;0.000000
1841;両目;0.000000;0.000000;0.000000;-0.011475;0.000000;0.000000
1845;両目;0.000000;0.000000;0.000000;-0.047978;0.000000;0.000000
1850;両目;0.000000;0.000000;0.000000;-0.043619;0.000000;0.000000
1856;両目;0.000000;0.000000;0.000000;-0.043619;0.000000;0.000000
1860;両目;0.000000;0.000000;0.000000;-0.047978;0.000000;0.000000
1865;両目;0.000000;0.000000;0.000000;-0.012653;0.000000;0.000000
1876;両目;0.000000;0.000000;0.000000;-0.012641;-0.043616;-0.000552
1881;両目;0.000000;0.000000;0.000000;-0.047978;0.000000;0.000000
1886;両目;0.000000;0.000000;0.000000;-0.047978;0.000000;0.000000
1892;両目;0.000000;0.000000;0.000000;-0.016574;0.026173;0.000434
1900;両目;0.000000;0.000000;0.000000;-0.008718;-0.043618;-0.000381
1932;両目;0.000000;0.000000;0.000000;-0.008727;0.000000;0.000000
1935;両目;0.000000;0.000000;0.000000;-0.047978;0.000000;0.000000
1956;両目;0.000000;0.000000;0.000000;-0.047978;0.000000;0.000000
1960;両目;0.000000;0.000000;0.000000;-0.020499;-0.026171;-0.000537
1963;両目;0.000000;0.000000;0.000000;-0.014617;0.000000;0.000000
1970;両目;0.000000;0.000000;0.000000;-0.018537;-0.026172;-0.000485
1975;両目;0.000000;0.000000;0.000000;-0.031095;-0.026164;-0.000814
1978;両目;0.000000;0.000000;0.000000;-0.047962;-0.026147;-0.001256
1983;両目;0.000000;0.000000;0.000000;-0.047962;-0.026147;-0.001256
1989;両目;0.000000;0.000000;0.000000;-0.028358;0.000000;0.000000
1993;両目;0.000000;0.000000;0.000000;-0.025601;-0.026168;-0.000670
1998;両目;0.000000;0.000000;0.000000;-0.016564;-0.043613;-0.000723
2016;両目;0.000000;0.000000;0.000000;-0.016549;-0.061040;-0.001012
2028;両目;0.000000;0.000000;0.000000;-0.018150;0.000000;0.000000
2034;両目;0.000000;0.000000;0.000000;-0.015795;0.000000;0.000000
2045;両目;0.000000;0.000000;0.000000;-0.019328;0.000000;0.000000
2050;両目;0.000000;0.000000;0.000000;-0.047978;0.000000;0.000000
2068;両目;0.000000;0.000000;0.000000;-0.047978;0.000000;0.000000
2072;両目;0.000000;0.000000;0.000000;-0.012653;0.000000;0.000000
2080;両目;0.000000;0.000000;0.000000;-0.016973;0.000000;0.000000
2089;両目;0.000000;0.000000;0.000000;-0.018537;0.026172;0.000485
2093;両目;0.000000;0.000000;0.000000;-0.047932;0.043569;0.002093
2099;両目;0.000000;0.000000;0.000000;-0.020114;0.000000;0.000000
2106;両目;0.000000;0.000000;0.000000;-0.017741;-0.043612;-0.000775
2119;両目;0.000000;0.000000;0.000000;-0.012641;-0.043616;-0.000552
2125;両目;0.000000;0.000000;0.000000;-0.047978;0.000000;0.000000
2131;両目;0.000000;0.000000;0.000000;-0.028358;0.000000;0.000000
2139;両目;0.000000;0.000000;0.000000;-0.012630;0.061044;0.000772
2165;両目;0.000000;0.000000;0.000000;-0.016549;0.061040;0.001012
2170;両目;0.000000;0.000000;0.000000;-0.047889;0.060978;0.002929
2175;両目;0.000000;0.000000;0.000000;-0.016941;0.061040;0.001036
2210;両目;0.000000;0.000000;0.000000;-0.018929;-0.026172;-0.000496
2214;両目;0.000000;0.000000;0.000000;-0.047978;0.000000;0.000000
2225;両目;0.000000;0.000000;0.000000;-0.047978;0.000000;0.000000
2234;両目;0.000000;0.000000;0.000000;-0.020468;-0.061036;-0.001252
2242;両目;0.000000;0.000000;0.000000;-0.008705;-0.069754;-0.000609
2255;両目;0.000000;0.000000;0.000000;-0.018117;-0.061038;-0.001108
2260;両目;0.000000;0.000000;0.000000;-0.047889;-0.060978;-0.002929
2265;両目;0.000000;0.000000;0.000000;-0.016539;-0.069747;-0.001157
2279;両目;0.000000;0.000000;0.000000;-0.023603;-0.061031;-0.001444
2283;両目;0.000000;0.000000;0.000000;-0.047932;-0.043569;-0.002093
2286;両目;0.000000;0.000000;0.000000;-0.047932;-0.043569;-0.002093
2290;両目;0.000000;0.000000;0.000000;-0.013034;-0.043616;-0.000569
2295;両目;0.000000;0.000000;0.000000;-0.020487;-0.043610;-0.000894
2311;両目;0.000000;0.000000;0.000000;-0.013426;-0.043615;-0.000586
2320;両目;0.000000;0.000000;0.000000;-0.016564;-0.043613;-0.000723
2325;両目;0.000000;0.000000;0.000000;-0.047932;-0.043569;-0.002093
2328;両目;0.000000;0.000000;0.000000;-0.047978;0.000000;0.000000
2342;両目;0.000000;0.000000;0.000000;-0.047889;-0.060978;-0.002929
2346;両目;0.000000;0.000000;0.000000;-0.020860;-0.061035;-0.001276
2353;両目;0.000000;0.000000;0.000000;-0.020487;-0.043610;-0.000894
2357;両目;0.000000;0.000000;0.000000;-0.047978;0.000000;0.000000
2360;両目;0.000000;0.000000;0.000000;-0.047889;0.060978;0.002929
2365;両目;0.000000;0.000000;0.000000;-0.012649;0.026175;0.000331
2379;両目;0.000000;0.000000;0.000000;-0.021291;0.000000;0.000000
2383;両目;0.000000;0.000000;0.000000;-0.047962;0.026147;0.001256
2391;両目;0.000000;0.000000;0.000000;-0.037372;0.026159;0.000979
2396;両目;0.000000;0.000000;0.000000;-0.047978;0.000000;0.000000
2401;両目;0.000000;0.000000;0.000000;-0.024409;-0.043606;-0.001066
2409;両目;0.000000;0.000000;0.000000;-0.021284;-0.026171;-0.000557
2414;両目;0.000000;0.000000;0.000000;-0.047978;0.000000;0.000000
2419;両目;0.000000;0.000000;0.000000;-0.012649;-0.026175;-0.000331
2430;両目;0.000000;0.000000;0.000000;-0.012653;0.000000;0.000000
2446;両目;0.000000;0.000000;0.000000;-0.012653;0.000000;0.000000
2451;両目;0.000000;0.000000;0.000000;-0.047978;0.000000;0.000000
2457;両目;0.000000;0.000000;0.000000;-0.047978;0.000000;0.000000
2461;両目;0.000000;0.000000;0.000000;-0.018150;0.000000;0.000000
2474;両目;0.000000;0.000000;0.000000;-0.012653;0.000000;0.000000
2479;両目;0.000000;0.000000;0.000000;-0.047889;0.060978;0.002929
2485;両目;0.000000;0.000000;0.000000;-0.020506;0.000000;0.000000
2493;両目;0.000000;0.000000;0.000000;-0.012261;0.000000;0.000000
2500;両目;0.000000;0.000000;0.000000;-0.047978;0.000000;0.000000
2506;両目;0.000000;0.000000;0.000000;-0.016580;0.000000;0.000000
2517;両目;0.000000;0.000000;0.000000;-0.047978;0.000000;0.000000
2522;両目;0.000000;0.000000;0.000000;-0.020506;0.000000;0.000000
2528;両目;0.000000;0.000000;0.000000;-0.023254;0.000000;0.000000
2532;両目;0.000000;0.000000;0.000000;-0.047978;0.000000;0.000000
2539;両目;0.000000;0.000000;0.000000;-0.047978;0.000000;0.000000
2544;両目;0.000000;0.000000;0.000000;-0.020487;0.043610;0.000894
2556;両目;0.000000;0.000000;0.000000;-0.024409;0.043606;0.001066
2561;両目;0.000000;0.000000;0.000000;-0.047978;0.000000;0.000000
2569;両目;0.000000;0.000000;0.000000;-0.047978;0.000000;0.000000
2573;両目;0.000000;0.000000;0.000000;-0.012641;0.043616;0.000552
2579;両目;0.000000;0.000000;0.000000;-0.018900;0.061038;0.001156
2587;両目;0.000000;0.000000;0.000000;-0.022806;0.069738;0.001595
2593;両目;0.000000;0.000000;0.000000;-0.047861;0.069676;0.003347
2596;両目;0.000000;0.000000;0.000000;-0.047861;0.069676;0.003347
2610;両目;0.000000;0.000000;0.000000;-0.019702;0.043611;0.000860
2623;両目;0.000000;0.000000;0.000000;-0.018150;0.000000;0.000000
2641;両目;0.000000;0.000000;0.000000;-0.018537;0.026172;0.000485
2651;両目;0.000000;0.000000;0.000000;-0.011839;0.069752;0.000828
2655;両目;0.000000;0.000000;0.000000;-0.020456;0.069742;0.001430
2668;両目;0.000000;0.000000;0.000000;-0.015795;0.000000;0.000000
2682;両目;0.000000;0.000000;0.000000;-0.011868;0.000000;0.000000
2686;両目;0.000000;0.000000;0.000000;-0.047978;0.000000;0.000000
2690;両目;0.000000;0.000000;0.000000;-0.018525;-0.043612;-0.000809
2696;両目;0.000000;0.000000;0.000000;-0.021644;-0.061034;-0.001324
2706;両目;0.000000;0.000000;0.000000;-0.023589;-0.069737;-0.001650
2712;両目;0.000000;0.000000;0.000000;-0.047962;-0.026147;-0.001256
2719;両目;0.000000;0.000000;0.000000;-0.015402;0.000000;0.000000
2728;両目;0.000000;0.000000;0.000000;-0.018936;0.000000;0.000000
2745;両目;0.000000;0.000000;0.000000;-0.014224;0.000000;0.000000
2750;両目;0.000000;0.000000;0.000000;-0.047932;-0.043569;-0.002093
2755;両目;0.000000;0.000000;0.000000;-0.012649;-0.026175;-0.000331
2768;両目;0.000000;0.000000;0.000000;-0.013831;0.000000;0.000000
2781;両目;0.000000;0.000000;0.000000;-0.020114;0.000000;0.000000
2794;両目;0.000000;0.000000;0.000000;-0.015009;0.000000;0.000000
2805;両目;0.000000;0.000000;0.000000;-0.019328;0.000000;0.000000
2810;両目;0.000000;0.000000;0.000000;-0.047932;-0.043569;-0.002093
2825;両目;0.000000;0.000000;0.000000;-0.047932;-0.043569;-0.002093
2833;両目;0.000000;0.000000;0.000000;-0.016956;-0.043613;-0.000740
2839;両目;0.000000;0.000000;0.000000;-0.017753;0.061040;0.001142
2845;両目;0.000000;0.000000;0.000000;-0.018947;0.061038;0.001181
2853;両目;0.000000;0.000000;0.000000;-0.020879;-0.043610;-0.000912
2858;両目;0.000000;0.000000;0.000000;-0.017450;-0.017450;-0.000305
2863;両目;0.000000;0.000000;0.000000;-0.017452;0.000000;0.000000
2870;両目;0.000000;0.000000;0.000000;-0.017365;0.000000;0.000000
2889;両目;0.000000;0.000000;0.000000;0.000000;0.000000;0.000000
2893;両目;0.000000;0.000000;0.000000;0.034899;0.000000;0.000000
2898;両目;0.000000;0.000000;0.000000;-0.047978;0.000000;0.000000
2902;両目;0.000000;0.000000;0.000000;-0.017365;0.000000;0.000000
2911;両目;0.000000;0.000000;0.000000;-0.017355;0.034894;0.000606
2926;両目;0.000000;0.000000;0.000000;-0.023589;0.069737;0.001650
2933;両目;0.000000;0.000000;0.000000;-0.047861;0.069676;0.003347
2946;両目;0.000000;0.000000;0.000000;-0.047889;0.060978;0.002929
2950;両目;0.000000;0.000000;0.000000;-0.012641;0.043616;0.000552
2959;両目;0.000000;0.000000;0.000000;-0.019322;0.026172;0.000506
2963;両目;0.000000;0.000000;0.000000;-0.047889;0.060978;0.002929
2967;両目;0.000000;0.000000;0.000000;-0.047889;0.060978;0.002929
2977;両目;0.000000;0.000000;0.000000;-0.028289;0.069728;0.001978
2985;両目;0.000000;0.000000;0.000000;-0.047932;0.043569;0.002093
2990;両目;0.000000;0.000000;0.000000;-0.020506;0.000000;0.000000
2997;両目;0.000000;0.000000;0.000000;-0.018936;0.000000;0.000000
3005;両目;0.000000;0.000000;0.000000;-0.018543;0.000000;0.000000
3011;両目;0.000000;0.000000;0.000000;-0.047978;0.000000;0.000000
3018;両目;0.000000;0.000000;0.000000;-0.018936;0.000000;0.000000
3031;両目;0.000000;0.000000;0.000000;-0.018543;0.000000;0.000000
3036;両目;0.000000;0.000000;0.000000;-0.018543;0.000000;0.000000
3058;両目;0.000000;0.000000;0.000000;-0.024432;0.000000;0.000000
3066;両目;0.000000;0.000000;0.000000;-0.047978;0.000000;0.000000
3080;両目;0.000000;0.000000;0.000000;-0.047978;0.000000;0.000000
3105;両目;0.000000;0.000000;0.000000;-0.047978;0.000000;0.000000
3132;両目;0.000000;0.000000;0.000000;-0.047978;0.000000;0.000000
3137;両目;0.000000;0.000000;0.000000;-0.014224;0.000000;0.000000
3144;両目;0.000000;0.000000;0.000000;-0.028358;0.000000;0.000000
3156;両目;0.000000;0.000000;0.000000;-0.030320;0.000000;0.000000
3160;両目;0.000000;0.000000;0.000000;-0.047978;0.000000;0.000000
3166;両目;0.000000;0.000000;0.000000;-0.022035;-0.061034;-0.001348
3173;両目;0.000000;0.000000;0.000000;-0.027573;0.000000;0.000000
3179;両目;0.000000;0.000000;0.000000;-0.011868;0.000000;0.000000
3189;両目;0.000000;0.000000;0.000000;-0.012261;0.000000;0.000000
3205;両目;0.000000;0.000000;0.000000;-0.019714;0.026172;0.000516
3209;両目;0.000000;0.000000;0.000000;-0.047978;0.000000;0.000000
3214;両目;0.000000;0.000000;0.000000;-0.012653;0.000000;0.000000
3225;両目;0.000000;0.000000;0.000000;-0.022469;0.000000;0.000000
3232;両目;0.000000;0.000000;0.000000;-0.008727;0.000000;0.000000
3240;両目;0.000000;0.000000;0.000000;-0.014617;0.000000;0.000000
3259;両目;0.000000;0.000000;0.000000;-0.027573;0.000000;0.000000
3275;両目;0.000000;0.000000;0.000000;-0.008727;0.000000;0.000000
3285;両目;0.000000;0.000000;0.000000;-0.012653;0.000000;0.000000
3290;両目;0.000000;0.000000;0.000000;-0.012653;0.000000;0.000000
3297;両目;0.000000;0.000000;0.000000;-0.047978;0.000000;0.000000
3336;両目;0.000000;0.000000;0.000000;-0.047978;0.000000;0.000000
3341;両目;0.000000;0.000000;0.000000;-0.018543;0.000000;0.000000
3348;両目;0.000000;0.000000;0.000000;-0.017758;0.000000;0.000000
3352;両目;0.000000;0.000000;0.000000;-0.047978;0.000000;0.000000
3358;両目;0.000000;0.000000;0.000000;-0.016187;0.000000;0.000000
3365;両目;0.000000;0.000000;0.000000;-0.047978;0.000000;0.000000
3371;両目;0.000000;0.000000;0.000000;-0.015004;0.026174;0.000393
3378;両目;0.000000;0.000000;0.000000;-0.008725;-0.017452;-0.000152
3393;両目;0.000000;0.000000;0.000000;-0.011689;0.026175;0.000319
3400;両目;0.000000;0.000000;0.000000;-0.012646;0.034897;0.000442
3405;両目;0.000000;0.000000;0.000000;-0.047978;0.000000;0.000000
3410;両目;0.000000;0.000000;0.000000;-0.018918;0.043612;0.000826
3418;両目;0.000000;0.000000;0.000000;-0.021663;0.043609;0.000946
3422;両目;0.000000;0.000000;0.000000;-0.047978;0.000000;0.000000
3432;両目;0.000000;0.000000;0.000000;-0.047978;0.000000;0.000000
3439;両目;0.000000;0.000000;0.000000;-0.022469;0.000000;0.000000
3455;両目;0.000000;0.000000;0.000000;-0.012653;0.000000;0.000000
3473;両目;0.000000;0.000000;0.000000;-0.008710;-0.061046;-0.000533
3486;両目;0.000000;0.000000;0.000000;-0.022469;0.000000;0.000000
3491;両目;0.000000;0.000000;0.000000;-0.047932;0.043569;0.002093
3500;両目;0.000000;0.000000;0.000000;-0.016157;0.061041;0.000988
3509;両目;0.000000;0.000000;0.000000;-0.021252;0.061035;0.001300
3514;両目;0.000000;0.000000;0.000000;-0.047889;0.060978;0.002929
3530;両目;0.000000;0.000000;0.000000;-0.047978;0.000000;0.000000
3536;両目;0.000000;0.000000;0.000000;-0.012653;0.000000;0.000000
3554;両目;0.000000;0.000000;0.000000;-0.018525;-0.043612;-0.000809
3566;両目;0.000000;0.000000;0.000000;-0.019310;0.043611;0.000843
3584;両目;0.000000;0.000000;0.000000;-0.008727;0.000000;0.000000
3588;両目;0.000000;0.000000;0.000000;-0.047978;0.000000;0.000000
3596;両目;0.000000;0.000000;0.000000;-0.047978;0.000000;0.000000
3605;両目;0.000000;0.000000;0.000000;-0.035423;0.000000;0.000000
3613;両目;0.000000;0.000000;0.000000;-0.024123;0.069727;0.001325
3620;両目;0.000000;0.000000;0.000000;-0.014581;0.069749;0.001020
3625;両目;0.000000;0.000000;0.000000;-0.016539;0.069747;0.001157
3630;両目;0.000000;0.000000;0.000000;-0.047861;0.069676;0.003347
3638;両目;0.000000;0.000000;0.000000;-0.020487;0.043610;0.000894
3664;両目;0.000000;0.000000;0.000000;-0.019702;-0.043611;-0.000860
3670;両目;0.000000;0.000000;0.000000;-0.047932;-0.043569;-0.002093
3675;両目;0.000000;0.000000;0.000000;-0.019310;-0.043611;-0.000843
3680;両目;0.000000;0.000000;0.000000;-0.016564;-0.043613;-0.000723
3685;両目;0.000000;0.000000;0.000000;-0.047932;0.043569;0.002093
3695;両目;0.000000;0.000000;0.000000;-0.047978;0.000000;0.000000
3701;両目;0.000000;0.000000;0.000000;-0.012641;-0.043616;-0.000552
3718;両目;0.000000;0.000000;0.000000;-0.015009;0.000000;0.000000
3731;両目;0.000000;0.000000;0.000000;-0.013831;0.000000;0.000000
3737;両目;0.000000;0.000000;0.000000;-0.014224;0.000000;0.000000
3747;両目;0.000000;0.000000;0.000000;-0.017752;0.026173;0.000465
3760;両目;0.000000;0.000000;0.000000;-0.022462;0.026170;0.000588
3770;両目;0.000000;0.000000;0.000000;-0.013439;0.000000;0.000000
3781;両目;0.000000;0.000000;0.000000;-0.008727;0.000000;0.000000
3790;両目;0.000000;0.000000;0.000000;-0.047978;0.000000;0.000000
3796;両目;0.000000;0.000000;0.000000;-0.047978;0.000000;0.000000
3808;両目;0.000000;0.000000;0.000000;-0.020506;0.000000;0.000000
3817;両目;0.000000;0.000000;0.000000;-0.008727;0.000000;0.000000
3839;両目;0.000000;0.000000;0.000000;-0.018543;0.000000;0.000000
3844;両目;0.000000;0.000000;0.000000;-0.047978;0.000000;0.000000
3850;両目;0.000000;0.000000;0.000000;-0.022862;0.000000;0.000000
3856;両目;0.000000;0.000000;0.000000;-0.012653;0.000000;0.000000
3872;両目;0.000000;0.000000;0.000000;-0.012653;0.000000;0.000000
3875;両目;0.000000;0.000000;0.000000;-0.020468;-0.061036;-0.001252
3882;両目;0.000000;0.000000;0.000000;-0.020848;-0.069741;-0.001458
3895;両目;0.000000;0.000000;0.000000;-0.022840;-0.043608;-0.000997
3900;両目;0.000000;0.000000;0.000000;-0.047978;0.000000;0.000000
3910;両目;0.000000;0.000000;0.000000;-0.026331;0.069732;0.001841
3919;両目;0.000000;0.000000;0.000000;-0.034814;0.069714;0.002434
3924;両目;0.000000;0.000000;0.000000;-0.034814;0.069714;0.002434
3941;両目;0.000000;0.000000;0.000000;-0.008705;0.069754;0.000609
3948;両目;0.000000;0.000000;0.000000;0.000000;0.069756;0.000000
3954;両目;0.000000;0.000000;0.000000;-0.025548;0.069734;0.001786
3962;両目;0.000000;0.000000;0.000000;-0.047861;0.069676;0.003347
3975;両目;0.000000;0.000000;0.000000;-0.047889;0.060978;0.002929
3986;両目;0.000000;0.000000;0.000000;-0.018508;0.061038;0.001132
3999;両目;0.000000;0.000000;0.000000;-0.021684;0.000000;0.000000
4006;両目;0.000000;0.000000;0.000000;-0.047978;0.000000;0.000000
4012;両目;0.000000;0.000000;0.000000;-0.047978;0.000000;0.000000
4075;両目;0.000000;0.000000;0.000000;-0.047932;0.043569;0.002093
4085;両目;0.000000;0.000000;0.000000;-0.024409;-0.043606;-0.001066
4105;両目;0.000000;0.000000;0.000000;-0.022469;0.000000;0.000000
4115;両目;0.000000;0.000000;0.000000;-0.022862;0.000000;0.000000
4135;両目;0.000000;0.000000;0.000000;-0.013439;0.000000;0.000000
4141;両目;0.000000;0.000000;0.000000;-0.047932;0.043569;0.002093
4153;両目;0.000000;0.000000;0.000000;-0.015795;0.000000;0.000000
4159;両目;0.000000;0.000000;0.000000;-0.015795;0.000000;0.000000
4165;両目;0.000000;0.000000;0.000000;-0.025217;0.000000;0.000000
4180;両目;0.000000;0.000000;0.000000;-0.020114;0.000000;0.000000
4186;両目;0.000000;0.000000;0.000000;-0.047978;0.000000;0.000000
4187;両目;0.000000;0.000000;0.000000;-0.047978;0.000000;0.000000
4195;両目;0.000000;0.000000;0.000000;-0.014973;0.069749;0.001047
4201;両目;0.000000;0.000000;0.000000;-0.021631;0.069740;0.001513
4206;両目;0.000000;0.000000;0.000000;-0.047978;0.000000;0.000000
4212;両目;0.000000;0.000000;0.000000;-0.020468;-0.061036;-0.001252
4221;両目;0.000000;0.000000;0.000000;-0.018918;-0.043612;-0.000826
4227;両目;0.000000;0.000000;0.000000;-0.022077;0.000000;0.000000
4235;両目;0.000000;0.000000;0.000000;-0.047978;0.000000;0.000000
4309;両目;0.000000;0.000000;0.000000;-0.047971;0.017432;0.000837
4316;両目;0.000000;0.000000;0.000000;-0.025999;0.017447;0.000454
4330;両目;0.000000;0.000000;0.000000;-0.017755;-0.017450;-0.000310
4341;両目;0.000000;0.000000;0.000000;-0.018543;0.000000;0.000000
4345;両目;0.000000;0.000000;0.000000;-0.016580;0.000000;0.000000
4350;両目;0.000000;0.000000;0.000000;-0.047978;0.000000;0.000000
4395;両目;0.000000;0.000000;0.000000;-0.047978;0.000000;0.000000
4402;両目;0.000000;0.000000;0.000000;-0.016580;0.000000;0.000000
4419;両目;0.000000;0.000000;0.000000;-0.008726;-0.008726;-0.000076
4436;両目;0.000000;0.000000;0.000000;-0.024821;0.017447;0.000433
4441;両目;0.000000;0.000000;0.000000;-0.047971;0.017432;0.000837
4442;両目;0.000000;0.000000;0.000000;-0.047971;0.017432;0.000837
4446;両目;0.000000;0.000000;0.000000;-0.016185;0.017450;0.000283
4454;両目;0.000000;0.000000;0.000000;-0.027180;0.000000;0.000000
4463;両目;0.000000;0.000000;0.000000;-0.018918;-0.043612;-0.000826
4469;両目;0.000000;0.000000;0.000000;-0.014219;-0.026174;-0.000372
4479;両目;0.000000;0.000000;0.000000;0.008724;-0.026176;0.000228
4488;両目;0.000000;0.000000;0.000000;0.000684;0.008727;0.000011
4490;両目;0.000000;0.000000;0.000000;0.000684;0.008727;0.000011
4495;両目;0.000000;0.000000;0.000000;-0.008727;0.000000;0.000000
4530;両目;0.000000;0.000000;0.000000;-0.011219;0.008726;0.000098
4543;両目;0.000000;0.000000;0.000000;-0.011919;0.017451;0.000205
4559;両目;0.000000;0.000000;0.000000;-0.012653;0.000000;0.000000
4570;両目;0.000000;0.000000;0.000000;-0.008727;0.000000;0.000000
4577;両目;0.000000;0.000000;0.000000;-0.012653;0.000000;0.000000
4582;両目;0.000000;0.000000;0.000000;-0.047978;0.000000;0.000000
4590;両目;0.000000;0.000000;0.000000;-0.047978;0.000000;0.000000
4605;両目;0.000000;0.000000;0.000000;-0.047978;0.000000;0.000000
4615;両目;0.000000;0.000000;0.000000;0.026177;0.000000;0.000000
4623;両目;0.000000;0.000000;0.000000;0.026177;0.000000;0.000000
4630;両目;0.000000;0.000000;0.000000;0.000000;0.000000;0.000000
4646;両目;0.000000;0.000000;0.000000;0.000000;0.000000;0.000000
4649;両目;0.000000;0.000000;0.000000;-0.047978;0.000000;0.000000
4652;両目;0.000000;0.000000;0.000000;-0.020506;0.000000;0.000000
4659;両目;0.000000;0.000000;0.000000;-0.036208;0.000000;0.000000
4667;両目;0.000000;0.000000;0.000000;-0.047978;0.000000;0.000000
4720;両目;0.000000;0.000000;0.000000;-0.047978;0.000000;0.000000
4724;両目;0.000000;0.000000;0.000000;-0.014612;-0.026174;-0.000383
4730;両目;0.000000;0.000000;0.000000;-0.013818;-0.043615;-0.000603
4736;両目;0.000000;0.000000;0.000000;-0.047978;0.000000;0.000000
4745;両目;0.000000;0.000000;0.000000;-0.047978;0.000000;0.000000
4754;両目;0.000000;0.000000;0.000000;0.000000;-0.061049;0.000000
4763;両目;0.000000;0.000000;0.000000;-0.012641;-0.043616;-0.000552
4769;両目;0.000000;0.000000;0.000000;-0.047978;0.000000;0.000000
4777;両目;0.000000;0.000000;0.000000;-0.047978;0.000000;0.000000
4790;両目;0.000000;0.000000;0.000000;-0.047978;0.000000;0.000000
4796;両目;0.000000;0.000000;0.000000;0.000000;0.000000;0.000000
4803;両目;0.000000;0.000000;0.000000;0.000000;0.000000;0.000000
4809;両目;0.000000;0.000000;0.000000;-0.047932;-0.043569;-0.002093
4813;両目;0.000000;0.000000;0.000000;-0.036208;0.000000;0.000000
4817;両目;0.000000;0.000000;0.000000;-0.016580;0.000000;0.000000
4824;両目;0.000000;0.000000;0.000000;-0.020487;-0.043610;-0.000894
4834;両目;0.000000;0.000000;0.000000;-0.020468;0.061036;0.001252
4847;両目;0.000000;0.000000;0.000000;-0.016577;0.017450;0.000289
4854;両目;0.000000;0.000000;0.000000;-0.016574;0.026173;0.000434
4859;両目;0.000000;0.000000;0.000000;-0.020506;0.000000;0.000000
4864;両目;0.000000;0.000000;0.000000;-0.047978;0.000000;0.000000
4878;両目;0.000000;0.000000;0.000000;-0.047978;0.000000;0.000000
4885;両目;0.000000;0.000000;0.000000;-0.018139;0.034894;0.000633
4908;両目;0.000000;0.000000;0.000000;-0.008727;0.000000;0.000000
4913;両目;0.000000;0.000000;0.000000;-0.047978;0.000000;0.000000
4917;両目;0.000000;0.000000;0.000000;-0.020114;0.000000;0.000000
4935;両目;0.000000;0.000000;0.000000;-0.012651;-0.017451;-0.000221
4944;両目;0.000000;0.000000;0.000000;-0.013041;0.026175;0.000342
4949;両目;0.000000;0.000000;0.000000;-0.047962;0.026147;0.001256
4954;両目;0.000000;0.000000;0.000000;-0.026762;0.043604;0.001168
4959;両目;0.000000;0.000000;0.000000;-0.021291;0.000000;0.000000
4972;両目;0.000000;0.000000;0.000000;-0.008727;0.000000;0.000000
4982;両目;0.000000;0.000000;0.000000;-0.012653;0.000000;0.000000
4991;両目;0.000000;0.000000;0.000000;-0.024432;0.000000;0.000000
4995;両目;0.000000;0.000000;0.000000;-0.047978;0.000000;0.000000
5001;両目;0.000000;0.000000;0.000000;-0.012653;0.000000;0.000000
5016;両目;0.000000;0.000000;0.000000;-0.016973;0.000000;0.000000
5031;両目;0.000000;0.000000;0.000000;-0.008724;-0.026176;-0.000228
5041;両目;0.000000;0.000000;0.000000;-0.017452;0.000000;0.000000
5045;両目;0.000000;0.000000;0.000000;-0.008727;0.000000;0.000000
5050;両目;0.000000;0.000000;0.000000;-0.016580;0.000000;0.000000
5059;両目;0.000000;0.000000;0.000000;-0.012641;-0.043616;-0.000552
5064;両目;0.000000;0.000000;0.000000;-0.047932;-0.043569;-0.002093
5073;両目;0.000000;0.000000;0.000000;-0.047978;0.000000;0.000000
5078;両目;0.000000;0.000000;0.000000;-0.008727;0.000000;0.000000
5085;両目;0.000000;0.000000;0.000000;-0.012646;0.034897;0.000442
5090;両目;0.000000;0.000000;0.000000;-0.047978;0.000000;0.000000
5103;両目;0.000000;0.000000;0.000000;-0.047978;0.000000;0.000000
5109;両目;0.000000;0.000000;0.000000;-0.020506;0.000000;0.000000
5117;両目;0.000000;0.000000;0.000000;-0.047978;0.000000;0.000000
5124;両目;0.000000;0.000000;0.000000;-0.047962;-0.026147;-0.001256
5129;両目;0.000000;0.000000;0.000000;-0.024409;-0.043606;-0.001066
5135;両目;0.000000;0.000000;0.000000;-0.024409;-0.043606;-0.001066
5139;両目;0.000000;0.000000;0.000000;-0.047932;-0.043569;-0.002093
5143;両目;0.000000;0.000000;0.000000;-0.024409;-0.043606;-0.001066
5152;両目;0.000000;0.000000;0.000000;-0.012630;-0.061044;-0.000772
5169;両目;0.000000;0.000000;0.000000;-0.012641;-0.043616;-0.000552
5176;両目;0.000000;0.000000;0.000000;-0.008727;0.000000;0.000000
5180;両目;0.000000;0.000000;0.000000;-0.047978;0.000000;0.000000
5190;両目;0.000000;0.000000;0.000000;-0.024432;0.000000;0.000000
5200;両目;0.000000;0.000000;0.000000;-0.020487;-0.043610;-0.000894
5206;両目;0.000000;0.000000;0.000000;-0.047978;0.000000;0.000000
5212;両目;0.000000;0.000000;0.000000;-0.028358;0.000000;0.000000
5240;両目;0.000000;0.000000;0.000000;-0.020506;0.000000;0.000000
5255;両目;0.000000;0.000000;0.000000;-0.024432;0.000000;0.000000
5262;両目;0.000000;0.000000;0.000000;-0.047978;0.000000;0.000000
5267;両目;0.000000;0.000000;0.000000;-0.020506;0.000000;0.000000
5274;両目;0.000000;0.000000;0.000000;-0.047978;0.000000;0.000000
5280;両目;0.000000;0.000000;0.000000;-0.047889;-0.060978;-0.002929
5284;両目;0.000000;0.000000;0.000000;-0.018117;-0.061038;-0.001108
5290;両目;0.000000;0.000000;0.000000;-0.016157;-0.061041;-0.000988
5302;両目;0.000000;0.000000;0.000000;-0.012630;-0.061044;-0.000772
5308;両目;0.000000;0.000000;0.000000;-0.020487;-0.043610;-0.000894
5316;両目;0.000000;0.000000;0.000000;-0.012253;0.034897;0.000428
5323;両目;0.000000;0.000000;0.000000;-0.012646;0.034897;0.000442
5329;両目;0.000000;0.000000;0.000000;-0.016570;0.034895;0.000579
5345;両目;0.000000;0.000000;0.000000;-0.047978;0.000000;0.000000
5355;両目;0.000000;0.000000;0.000000;-0.047978;0.000000;0.000000
5360;両目;0.000000;0.000000;0.000000;-0.020506;0.000000;0.000000
5379;両目;0.000000;0.000000;0.000000;-0.024417;0.034889;0.000853
5396;両目;0.000000;0.000000;0.000000;-0.012653;0.000000;0.000000
5402;両目;0.000000;0.000000;0.000000;-0.018936;0.000000;0.000000
5408;両目;0.000000;0.000000;0.000000;-0.012653;0.000000;0.000000
5413;両目;0.000000;0.000000;0.000000;-0.047889;0.060978;0.002929
5418;両目;0.000000;0.000000;0.000000;-0.047978;0.000000;0.000000
5430;両目;0.000000;0.000000;0.000000;-0.019721;0.000000;0.000000
5446;両目;0.000000;0.000000;0.000000;-0.018106;-0.069745;-0.001266
5464;両目;0.000000;0.000000;0.000000;-0.018525;0.043612;0.000809
5474;両目;0.000000;0.000000;0.000000;-0.011857;0.043616;0.000518
5478;両目;0.000000;0.000000;0.000000;-0.020487;0.043610;0.000894
5491;両目;0.000000;0.000000;0.000000;-0.015795;0.000000;0.000000
5505;両目;0.000000;0.000000;0.000000;-0.011846;-0.061044;-0.000725
5509;両目;0.000000;0.000000;0.000000;-0.047978;0.000000;0.000000
5513;両目;0.000000;0.000000;0.000000;-0.018508;0.061038;0.001132
5519;両目;0.000000;0.000000;0.000000;-0.021677;-0.026171;-0.000568
5529;両目;0.000000;0.000000;0.000000;-0.023603;-0.061031;-0.001444
5535;両目;0.000000;0.000000;0.000000;-0.047978;0.000000;0.000000
5542;両目;0.000000;0.000000;0.000000;-0.015402;0.000000;0.000000
5551;両目;0.000000;0.000000;0.000000;-0.008727;0.000000;0.000000
5562;両目;0.000000;0.000000;0.000000;-0.014224;0.000000;0.000000
5573;両目;0.000000;0.000000;0.000000;-0.013829;-0.017451;-0.000241
5585;両目;0.000000;0.000000;0.000000;-0.017752;0.026173;0.000465
5591;両目;0.000000;0.000000;0.000000;-0.013831;0.000000;0.000000
5604;両目;0.000000;0.000000;0.000000;-0.008727;0.000000;0.000000
5619;両目;0.000000;0.000000;0.000000;-0.018543;0.000000;0.000000
5623;両目;0.000000;0.000000;0.000000;-0.047978;0.000000;0.000000
5632;両目;0.000000;0.000000;0.000000;-0.047978;0.000000;0.000000
5638;両目;0.000000;0.000000;0.000000;-0.015795;0.000000;0.000000
5644;両目;0.000000;0.000000;0.000000;-0.019328;0.000000;0.000000
5649;両目;0.000000;0.000000;0.000000;-0.021291;0.000000;0.000000
5651;両目;0.000000;0.000000;0.000000;-0.008727;0.000000;0.000000
5655;両目;0.000000;0.000000;0.000000;-0.008727;0.000000;0.000000
5657;両目;0.000000;0.000000;0.000000;-0.020899;0.000000;0.000000
5661;両目;0.000000;0.000000;0.000000;-0.016580;0.000000;0.000000
5665;両目;0.000000;0.000000;0.000000;-0.047978;0.000000;0.000000
5671;両目;0.000000;0.000000;0.000000;-0.012653;0.000000;0.000000
5679;両目;0.000000;0.000000;0.000000;-0.016973;0.000000;0.000000
5688;両目;0.000000;0.000000;0.000000;-0.018543;0.000000;0.000000
5692;両目;0.000000;0.000000;0.000000;-0.047932;0.043569;0.002093
5698;両目;0.000000;0.000000;0.000000;-0.020094;0.043611;0.000877
5705;両目;0.000000;0.000000;0.000000;-0.017741;0.043612;0.000775
5710;両目;0.000000;0.000000;0.000000;-0.008727;0.000000;0.000000
5719;両目;0.000000;0.000000;0.000000;-0.012651;-0.017451;-0.000221
5723;両目;0.000000;0.000000;0.000000;-0.047962;-0.026147;-0.001256
5730;両目;0.000000;0.000000;0.000000;-0.028348;-0.026166;-0.000742
5738;両目;0.000000;0.000000;0.000000;-0.012641;0.043616;0.000552
5764;両目;0.000000;0.000000;0.000000;-0.016549;0.061040;0.001012
5769;両目;0.000000;0.000000;0.000000;-0.047889;0.060978;0.002929
5774;両目;0.000000;0.000000;0.000000;-0.016941;0.061040;0.001036
5809;両目;0.000000;0.000000;0.000000;-0.018936;0.000000;0.000000
5813;両目;0.000000;0.000000;0.000000;-0.047978;0.000000;0.000000
5824;両目;0.000000;0.000000;0.000000;-0.047978;0.000000;0.000000
5833;両目;0.000000;0.000000;0.000000;-0.020499;-0.026171;-0.000537
5841;両目;0.000000;0.000000;0.000000;-0.008724;-0.026176;-0.000228
5854;両目;0.000000;0.000000;0.000000;-0.018133;-0.043612;-0.000792
5864;両目;0.000000;0.000000;0.000000;-0.016564;-0.043613;-0.000723
5878;両目;0.000000;0.000000;0.000000;-0.023624;-0.043607;-0.001031
5882;両目;0.000000;0.000000;0.000000;-0.047932;-0.043569;-0.002093
5885;両目;0.000000;0.000000;0.000000;-0.047932;-0.043569;-0.002093
5889;両目;0.000000;0.000000;0.000000;-0.013034;-0.043616;-0.000569
5894;両目;0.000000;0.000000;0.000000;-0.020487;-0.043610;-0.000894
5910;両目;0.000000;0.000000;0.000000;-0.013426;-0.043615;-0.000586
5919;両目;0.000000;0.000000;0.000000;-0.016564;-0.043613;-0.000723
5924;両目;0.000000;0.000000;0.000000;-0.047978;0.000000;0.000000
5927;両目;0.000000;0.000000;0.000000;-0.047978;0.000000;0.000000
5931;両目;0.000000;0.000000;0.000000;-0.019721;0.000000;0.000000
5937;両目;0.000000;0.000000;0.000000;-0.020506;0.000000;0.000000
5941;両目;0.000000;0.000000;0.000000;-0.047932;-0.043569;-0.002093
5945;両目;0.000000;0.000000;0.000000;-0.020879;-0.043610;-0.000912
5952;両目;0.000000;0.000000;0.000000;-0.020468;-0.061036;-0.001252
5956;両目;0.000000;0.000000;0.000000;-0.047978;0.000000;0.000000
5959;両目;0.000000;0.000000;0.000000;-0.047889;0.060978;0.002929
5964;両目;0.000000;0.000000;0.000000;-0.012651;0.017451;0.000221
5978;両目;0.000000;0.000000;0.000000;-0.021291;0.000000;0.000000
5982;両目;0.000000;0.000000;0.000000;-0.047978;0.000000;0.000000
5990;両目;0.000000;0.000000;0.000000;-0.037385;0.000000;0.000000
5995;両目;0.000000;0.000000;0.000000;-0.047978;0.000000;0.000000
6000;両目;0.000000;0.000000;0.000000;-0.024424;-0.026169;-0.000640
6008;両目;0.000000;0.000000;0.000000;-0.021284;-0.026171;-0.000557
6013;両目;0.000000;0.000000;0.000000;-0.047978;0.000000;0.000000
6018;両目;0.000000;0.000000;0.000000;-0.012649;-0.026175;-0.000331
6029;両目;0.000000;0.000000;0.000000;-0.016577;0.017450;0.000289
6045;両目;0.000000;0.000000;0.000000;-0.008727;0.000000;0.000000
6048;両目;0.000000;0.000000;0.000000;-0.012653;0.000000;0.000000
6053;両目;0.000000;0.000000;0.000000;-0.047978;0.000000;0.000000
6056;両目;0.000000;0.000000;0.000000;-0.047978;0.000000;0.000000
6060;両目;0.000000;0.000000;0.000000;-0.016580;0.000000;0.000000